split,image,label,width,height,brightness,contrast,laplacian_var,laplacian_var_after_gaussian,tenengrad,reasons
train,images/train/nhanxet/1114_hocba_lop11_nhanxet_ketqua_xeploai_7169a76e-9c8d-4f4d-9d60-09017001ee59_cell000.jpg,Giỏi,37,25,148.2172972972973,12.568313793596857,237.65687772096422,58.83494521548577,4461.978378378379,low_laplacian_blur_score
train,images/train/nhanxet/1114_hocba_lop11_nhanxet_ketqua_xeploai_7169a76e-9c8d-4f4d-9d60-09017001ee59_cell003.jpg,Tốt,27,27,141.13443072702333,13.636010271199472,321.9006587749157,73.21533340483704,5338.84499314129,low_laplacian_blur_score
train,images/train/hoctap/759_hocba_lop11_hoctap_bang_diemtrungbinh_80ad7918-9e70-40dd-b92d-0808453e3957_cell042.jpg,"7,7",68,41,68.80021520803443,8.522813504085462,158.56059518761487,24.553739741338674,1831.8766140602584,low_laplacian_blur_score|low_contrast
train,images/train/hoctap/759_hocba_lop11_hoctap_bang_diemtrungbinh_80ad7918-9e70-40dd-b92d-0808453e3957_cell043.jpg,"7,5",77,48,73.28436147186147,9.380458527688527,153.75082391341525,23.471755764978163,1690.1688311688313,low_laplacian_blur_score|low_contrast
train,images/train/hoctap/759_hocba_lop11_hoctap_bang_diemtrungbinh_80ad7918-9e70-40dd-b92d-0808453e3957_cell044.jpg,"7,6",57,58,83.04930429522081,10.202708965559005,277.4603450654716,41.32771155416338,3041.818511796733,low_laplacian_blur_score|low_contrast
train,images/train/nhanxet/1352_hocba_lop11_nhanxet_nhanxet_giaovien_b5da5a44-317d-4811-9b9a-76761e67dc86_cell000.jpg,"- Chăm, ý thức học tập tốt",253,38,162.1046390680258,11.462580709032519,253.0980622249754,43.81287678381793,3200.4849178281675,low_laplacian_blur_score|low_contrast
train,images/train/hoctap/1423_hocba_lop11_hoctap_bang_diemtrungbinh_f921dc54-5c86-40ed-b8bd-9af87b50366b_cell038.jpg,"8,5",102,37,152.32909379968203,12.415088021135722,331.49784309232075,46.76453625607277,3350.371489136195,low_laplacian_blur_score
train,images/train/hoctap/1423_hocba_lop11_hoctap_bang_diemtrungbinh_f921dc54-5c86-40ed-b8bd-9af87b50366b_cell039.jpg,"9,2",106,37,153.2797042325344,10.933438275699638,285.2850251630403,41.08582452156677,2990.0438551759307,low_laplacian_blur_score|low_contrast
train,images/train/hoctap/1423_hocba_lop11_hoctap_bang_diemtrungbinh_f921dc54-5c86-40ed-b8bd-9af87b50366b_cell040.jpg,"9,0",92,36,157.26268115942028,12.825584280455049,335.43339401152883,53.74204765572125,3912.1564009661834,low_laplacian_blur_score
train,images/train/hoctap/1423_hocba_lop11_hoctap_bang_diemtrungbinh_f921dc54-5c86-40ed-b8bd-9af87b50366b_cell041.jpg,"8,1",105,47,147.77912867274568,14.691734474008525,305.68540062350576,76.35643261076876,5586.210739614995,low_laplacian_blur_score
train,images/train/nhanxet/137_hocba_lop12_nhanxet_huyen_290d3b77-00cb-40da-af4e-b4665b8113ba_cell000.jpg,Quảng Điền,114,36,183.82041910331384,14.678562500984473,244.4422613771949,55.448288694717085,4527.214912280701,low_laplacian_blur_score
train,images/train/nhanxet/530_hocba_lop10_nhanxet_ketqua_xeploai_c1822e62-404c-490c-8283-dc1f5fb490be_cell003.jpg,Giỏi,53,34,173.01276359600445,10.071792966557904,264.623441274401,33.340701723698295,2335.9778024417315,low_laplacian_blur_score|low_contrast
train,images/train/nhanxet/137_hocba_lop12_nhanxet_giaithuong_caphuyen_4b8b1951-a88c-4901-9fd4-88a91bfc61c7_cell000.jpg,môn Hóa Học cấp Tỉnh,293,43,175.25406778315738,14.819558473864047,282.70388757409285,64.83305854271994,5020.731486625923,low_laplacian_blur_score
train,images/train/nhanxet/219_hocba_lop12_nhanxet_nhanxet_giaovien_822765d4-d01b-4727-ab6e-7c1d1911d304_cell000.jpg,"- Học giỏi, chăm ngoan",304,45,162.73026315789474,19.075838701167772,342.0834787626962,103.4332268849817,8279.889766081871,low_laplacian_blur_score
train,images/train/hoctap/299_hocba_lop11_hoctap_hoten_6334d488-b09c-485f-a113-777686cfce8e_cell000.jpg,Lê Minh,91,26,214.92603550295857,11.27767669500006,231.37552420919351,33.51121248541432,2530.625528317836,low_laplacian_blur_score|low_contrast
train,images/train/hoctap/643_hocba_lop10_hoctap_bang_diemtrungbinh_cc88d6e2-09a6-4c8a-8fb5-6d99d795f84b_cell040.jpg,"8,3",56,39,182.51098901098902,16.36938725024847,285.08952890821024,68.38780206362625,5421.523809523809,low_laplacian_blur_score
train,images/train/hoctap/643_hocba_lop10_hoctap_bang_diemtrungbinh_cc88d6e2-09a6-4c8a-8fb5-6d99d795f84b_cell041.jpg,"8,1",46,40,176.76684782608694,15.091369865311291,234.1473995746692,49.089914933837434,4416.657608695652,low_laplacian_blur_score
train,images/train/nhanxet/372_hocba_lop11_nhanxet_tinh_41268c5a-4b20-4c39-8c97-c5818f84df52_cell000.jpg,Hồ Chí Minh,115,28,100.18447204968945,12.652773535372296,86.58101259596467,29.303246306083874,2744.6633540372673,low_laplacian_blur_score
train,images/train/nhanxet/219_hocba_lop12_nhanxet_nhanxet_giaovien_fb9f8309-9fb1-4e9d-ad7b-f8cdca70bf18_cell000.jpg,- Năng nổ trong các,288,41,161.578506097561,19.098405364588753,358.53457943973496,109.68733388661907,8775.930216802168,low_laplacian_blur_score
train,images/train/nhanxet/1390_hocba_lop10_nhanxet_ketqua_xeploai_17b0cfa9-d67d-460e-a51e-18d5799fbb25_cell003.jpg,T,21,19,165.26817042606515,18.80638094695075,316.4270953071903,88.65529739134803,8729.157894736842,low_laplacian_blur_score
train,images/train/nhanxet/1390_hocba_lop10_nhanxet_ketqua_xeploai_17b0cfa9-d67d-460e-a51e-18d5799fbb25_cell004.jpg,T,22,17,163.63636363636363,17.900538146135286,308.87237982212815,80.91152878263605,7791.620320855615,low_laplacian_blur_score
train,images/train/thongtin/599_hocba_thongtin_gioitinh_01097609-a320-4251-8b60-aec216590f10_cell000.jpg,Nam,40,22,200.78636363636363,18.285980607472478,350.9481805268595,111.01701962809916,9185.518181818183,low_laplacian_blur_score
train,images/train/nhanxet/219_hocba_lop12_nhanxet_tinh_ac91a59b-db50-42c1-9958-d830de480962_cell000.jpg,Quảng Nam,142,41,142.60305736860187,21.09447620618735,284.06664270294704,102.32772231414478,8536.884919271728,low_laplacian_blur_score
train,images/train/nhanxet/372_hocba_lop11_nhanxet_nhanxet_giaovien_279a1412-5022-4a2d-a188-9345f24fa245_cell000.jpg,"Học khá, chăm, ngoan",239,42,165.01344889420204,14.42394977794159,273.8229364894771,52.9215428969041,4067.5712293285515,low_laplacian_blur_score
train,images/train/nhanxet/1114_hocba_lop11_nhanxet_nhanxet_giaovien_ac0b54b1-05fc-40f5-b461-1f98b5917060_cell000.jpg,"Ngoan , hiền",104,33,156.8869463869464,14.783047755177469,329.93167826734265,59.41053861639526,4492.452214452214,low_laplacian_blur_score
train,images/train/nhanxet/372_hocba_lop11_nhanxet_ketqua_xeploai_731154f3-bcad-4581-a150-44d6b9f92155_cell000.jpg,Tốt,43,31,148.0675168792198,11.96663038082653,68.93250394369034,24.716528719576743,2348.3255813953488,low_laplacian_blur_score
train,images/train/nhanxet/372_hocba_lop11_nhanxet_ketqua_xeploai_731154f3-bcad-4581-a150-44d6b9f92155_cell001.jpg,giỏi,48,36,137.33680555555554,12.14567202977192,63.48713455932784,24.12555157696759,2434.9756944444443,low_laplacian_blur_score
train,images/train/nhanxet/372_hocba_lop11_nhanxet_ketqua_xeploai_731154f3-bcad-4581-a150-44d6b9f92155_cell002.jpg,Khá,55,35,143.47896103896105,12.382568349117237,64.52238529262945,21.455642705346598,2015.332987012987,low_laplacian_blur_score
train,images/train/nhanxet/372_hocba_lop11_nhanxet_ketqua_xeploai_731154f3-bcad-4581-a150-44d6b9f92155_cell003.jpg,Khá,54,32,147.9866898148148,12.338650643033143,72.10474537037037,26.239690500685874,2371.7453703703704,low_laplacian_blur_score
train,images/train/nhanxet/372_hocba_lop11_nhanxet_ketqua_xeploai_731154f3-bcad-4581-a150-44d6b9f92155_cell004.jpg,Tốt,46,34,143.86125319693096,11.649201479272698,56.397833936198744,19.088674769919088,1750.626598465473,low_laplacian_blur_score|low_contrast
train,images/train/nhanxet/219_hocba_lop12_nhanxet_ketqua_xeploai_8971bfb4-66f1-4d7f-96fa-a7e868ab3f85_cell000.jpg,Giỏi,55,29,202.72601880877744,13.940205271859874,227.90487357632097,59.07005788072051,4673.169905956112,low_laplacian_blur_score
train,images/train/nhanxet/219_hocba_lop12_nhanxet_ketqua_xeploai_8971bfb4-66f1-4d7f-96fa-a7e868ab3f85_cell001.jpg,Tốt,51,29,190.49966193373902,12.327340333437466,144.51449433379003,38.15780722771494,3101.20892494929,low_laplacian_blur_score
train,images/train/nhanxet/219_hocba_lop12_nhanxet_ketqua_xeploai_8971bfb4-66f1-4d7f-96fa-a7e868ab3f85_cell002.jpg,Tốt,48,32,177.24348958333334,17.807582195686802,248.7075585259332,76.37398910522461,6017.69921875,low_laplacian_blur_score
train,images/train/nhanxet/219_hocba_lop12_nhanxet_ketqua_xeploai_8971bfb4-66f1-4d7f-96fa-a7e868ab3f85_cell003.jpg,Tốt,49,32,170.01785714285714,15.629264724110554,349.76452153725,77.81106139043628,5678.684948979592,low_laplacian_blur_score
train,images/train/thongtin/599_hocba_thongtin_nghenghiep_cha_28d221be-c48e-462c-aeea-30598d541e3c_cell000.jpg,Buôn bán,72,25,190.5,20.123811214026478,365.3221777777777,121.6359987654321,10286.032222222222,low_laplacian_blur_score
train,images/train/nhanxet/1126_hocba_lop11_nhanxet_ketqua_xeploai_29f3e83a-f1d2-4a8d-83a2-3764b4f9ea4e_cell000.jpg,Tốt,38,22,165.33492822966508,11.396309111220411,347.2375217485864,59.200905427989284,4233.22966507177,low_laplacian_blur_score|low_contrast
train,images/train/nhanxet/1126_hocba_lop11_nhanxet_ketqua_xeploai_29f3e83a-f1d2-4a8d-83a2-3764b4f9ea4e_cell002.jpg,Tốt,38,21,164.50501253132833,11.010559977352676,409.5763971331838,52.92003819071488,3640.3007518796994,low_contrast
train,images/train/nhanxet/343_hocba_lop11_nhanxet_huyen_11381d56-2aa0-4dfd-bb72-f64fcf7167ed_cell000.jpg,Gò Vấp,67,29,163.9516212043232,20.44650140383001,348.54297663544844,90.79927708079651,7256.223365928976,low_laplacian_blur_score
train,images/train/nhanxet/137_hocba_lop12_nhanxet_giaithuong_caphuyen_76740a33-2bcd-4044-bccb-3a355e55a41e_cell000.jpg,giải Khuyến Khích,186,46,179.32690509583918,13.958960445662797,277.1603966147949,53.944271601380535,4095.66105656849,low_laplacian_blur_score
train,images/train/hoctap/703_hocba_lop11_hoctap_hoten_3c018e90-1c90-4800-9aef-5f7a7a7c94f8_cell000.jpg,Trần Tiến Đạt,134,30,168.33283582089553,13.328407040853648,211.6033108091384,45.34297387440905,3555.173631840796,low_laplacian_blur_score
train,images/train/nhanxet/725_hocba_lop10_nhanxet_nhanxet_giaovien_e3da25d1-980b-47fa-8d9b-069cd5624d4e_cell000.jpg,Năng nổ trong mọi hoạt động phong trào,428,42,159.59495994659545,9.315353284690842,27.550619042271464,10.568418574813393,996.0769915442812,low_laplacian_blur_score|low_contrast
train,images/train/nhanxet/660_hocba_lop12_nhanxet_ketqua_xeploai_100b3e74-b202-4f8b-aa77-9ce43a6450ff_cell003.jpg,Tốt,52,33,165.51048951048952,15.415095891542844,245.67636015887763,60.45961056232036,4997.671328671328,low_laplacian_blur_score
train,images/train/nhanxet/660_hocba_lop12_nhanxet_ketqua_xeploai_100b3e74-b202-4f8b-aa77-9ce43a6450ff_cell004.jpg,Tốt,45,34,162.662091503268,17.335488201408396,308.2077594087744,84.69287923448246,7398.517647058824,low_laplacian_blur_score
train,images/train/thongtin/495_hocba_thongtin_choohientai_92fb269b-8f02-4987-a9de-e60afa31c104_cell000.jpg,"Khu phố 5, phường 4, TP Tuy Hòa, Phú Yên",386,35,172.65240562546262,10.383076023706868,459.21788787097967,40.84446241811176,2837.182383419689,low_contrast
train,images/train/hoctap/602_hocba_lop11_hoctap_hoten_ad8eba7f-d88d-46ae-a9aa-052ab68f2557_cell000.jpg,Võ Quốc Bảo,141,36,155.83451536643025,15.054321084498287,287.2830857102848,64.41863575154889,5036.734042553191,low_laplacian_blur_score
train,images/train/hoctap/703_hocba_lop11_hoctap_namhoc_c7d26f73-20f7-4c91-af87-1ff0086dcf7d_cell000.jpg,2021 - 2022,78,27,157.3062678062678,19.31688878762579,291.5251517619356,55.24976168122734,4729.43779677113,low_laplacian_blur_score
train,images/train/thongtin/495_hocba_thongtin_nghenghiep_me_add7e2aa-d2ee-48f3-965d-c43750c6da9e_cell000.jpg,buôn bán,79,26,169.51411879259982,9.96315242818319,377.8616725244115,37.60759398859802,2617.6815968841283,low_contrast
train,images/train/nhanxet/219_hocba_lop12_nhanxet_huyen_7fea0239-233e-4fee-94be-aa9dcaeb45dd_cell000.jpg,Tam Kỳ,84,31,187.96044546851,21.565736730360424,325.63169196745645,106.38358731456509,8900.932411674346,low_laplacian_blur_score
train,images/train/thongtin/599_hocba_thongtin_noisinh_88606f47-7c21-4f6d-a31b-24981b2113e9_cell000.jpg,Bệnh viện tỉnh Ninh Thuận,242,34,181.04326689353428,15.506552149828167,214.8886877580355,61.652314245746346,5022.872630043753,low_laplacian_blur_score
train,images/train/nhanxet/833_hocba_lop12_nhanxet_ketqua_xeploai_3138a420-4449-4bd3-bb51-7cc644b7ffc0_cell000.jpg,Giỏi,47,32,188.9494680851064,10.68592232272345,340.1230406858307,45.73009386317338,3153.283244680851,low_laplacian_blur_score|low_contrast
train,images/train/nhanxet/833_hocba_lop12_nhanxet_ketqua_xeploai_3138a420-4449-4bd3-bb51-7cc644b7ffc0_cell003.jpg,Tốt,44,37,185.15970515970517,12.218839842125616,266.18211096958026,59.55423515988627,4357.382063882063,low_laplacian_blur_score
train,images/train/nhanxet/137_hocba_lop12_nhanxet_ketqua_xeploai_56fa8b3a-3c08-4344-88f2-4fe7602f0002_cell000.jpg,Tốt,38,29,181.5825771324864,10.235165241190197,140.92112756545598,34.13822088860051,2641.9963702359346,low_laplacian_blur_score|low_contrast
train,images/train/nhanxet/137_hocba_lop12_nhanxet_ketqua_xeploai_56fa8b3a-3c08-4344-88f2-4fe7602f0002_cell001.jpg,Tốt,32,31,176.55241935483872,14.556455522294176,362.02861602497404,72.81041883454733,5189.971774193548,low_laplacian_blur_score
train,images/train/nhanxet/137_hocba_lop12_nhanxet_ketqua_xeploai_56fa8b3a-3c08-4344-88f2-4fe7602f0002_cell002.jpg,Tốt,39,32,178.53125,11.564229124000086,176.72114806767752,40.11537434253781,3068.921474358974,low_laplacian_blur_score|low_contrast
train,images/train/nhanxet/137_hocba_lop12_nhanxet_ketqua_xeploai_56fa8b3a-3c08-4344-88f2-4fe7602f0002_cell003.jpg,Giỏi,36,32,180.88888888888889,10.398224415141959,155.0020548502604,31.225971739969136,2503.4826388888887,low_laplacian_blur_score|low_contrast
train,images/train/nhanxet/137_hocba_lop12_nhanxet_ketqua_xeploai_56fa8b3a-3c08-4344-88f2-4fe7602f0002_cell004.jpg,Khá,41,29,178.01513877207736,14.557150142486753,274.9568875329715,54.95638531223629,4754.124474348192,low_laplacian_blur_score
train,images/train/nhanxet/137_hocba_lop12_nhanxet_ketqua_xeploai_56fa8b3a-3c08-4344-88f2-4fe7602f0002_cell005.jpg,Giỏi,39,36,177.758547008547,14.122912508327582,262.52687630376374,52.956075843540226,4322.804843304843,low_laplacian_blur_score
train,images/train/thongtin/599_hocba_thongtin_ngaysinh_2631eb2d-bf40-4094-b2e5-09b590b72f0e_cell000.jpg,10 tháng 04 năm 2005,216,29,181.8167305236271,15.789077121869179,244.9810023249071,61.51473906622855,4956.931034482759,low_laplacian_blur_score
train,images/train/thongtin/599_hocba_thongtin_hoten_cha_7528d86e-1e76-4826-9e05-d1088389dfcf_cell000.jpg,TRẦN ĐĂNG MIÊN,178,33,175.8704460333674,16.976733108773985,327.5560068961528,93.67504508768812,7351.520599250936,low_laplacian_blur_score
train,images/train/nhanxet/571_hocba_lop10_nhanxet_ketqua_xeploai_5e5b65d4-f542-491a-82d3-ac5091162aef_cell000.jpg,Tốt,49,27,170.01284958427814,12.952695536476979,346.7846422015518,54.2301144527686,4201.608465608466,low_laplacian_blur_score
train,images/train/hoctap/116_hocba_lop10_hoctap_bang_diemtrungbinh_f89840ce-e980-4f8b-b0e9-7052661e1578_cell047.jpg,"8,4",95,35,67.89774436090225,11.36597260501524,477.5331938266719,58.22682697721747,3810.0721804511277,low_contrast
train,images/train/nhanxet/660_hocba_lop12_nhanxet_truong_c74c8a49-0807-4469-895f-ac37b5e0c6d1_cell000.jpg,THPT Phan Chu Trinh,177,31,162.89083287771095,20.136881725588832,362.9684819585661,100.23986373478026,8638.788044468743,low_laplacian_blur_score
train,images/train/hoctap/254_hocba_lop10_hoctap_hoten_bde5cf79-1145-49a5-b0f0-4bfac855b202_cell000.jpg,Lê Thanh Tùng,176,27,156.6372053872054,17.104689423399286,281.5771364033148,88.12361262562494,7065.876262626262,low_laplacian_blur_score
train,images/train/nhanxet/495_hocba_lop12_nhanxet_huyen_5ada41f5-4939-4034-bd61-52dbeae0b5fb_cell000.jpg,TP.Tuy Hòa,101,34,160.0934769947583,11.575472053313511,308.0949727094399,45.930076737846115,3489.8223645894,low_laplacian_blur_score|low_contrast
train,images/train/hoctap/101_hocba_lop10_hoctap_namhoc_2b59c42a-a698-4525-8239-fca722bdec68_cell000.jpg,2020 - 2021,106,28,124.60815363881402,16.38010103138859,287.5653416314906,72.55456540928938,5555.179919137467,low_laplacian_blur_score
train,images/train/thongtin/599_hocba_thongtin_choohientai_b4b66492-9722-4b7f-9219-70145f49430d_cell000.jpg,Quán Thi 1 - Phước Minh - Thuận Nam - Ninh Thuận,445,35,186.26304975922955,16.044535300542833,225.03949460102183,64.30655026138217,5108.719743178171,low_laplacian_blur_score
train,images/train/thongtin/495_hocba_thongtin_qua_trinh_ho_tap_84a29482-327d-43fb-8ba9-245c31435fee_cell000.jpg,"THPT Nguyễn Huệ - TP Tuy Hòa, Phú Yên",322,37,156.10726875944266,10.520350114768204,218.0296558777557,38.96291567520337,2985.331542722847,low_laplacian_blur_score|low_contrast
train,images/train/thongtin/495_hocba_thongtin_qua_trinh_ho_tap_84a29482-327d-43fb-8ba9-245c31435fee_cell001.jpg,"THPT Nguyễn Huệ - TP Tuy Hòa, Phú Yên",326,42,153.28812445223488,10.825833992886537,217.6423534912604,44.135734158669045,3360.020888109845,low_laplacian_blur_score|low_contrast
train,images/train/thongtin/495_hocba_thongtin_qua_trinh_ho_tap_84a29482-327d-43fb-8ba9-245c31435fee_cell002.jpg,"THPT Nguyễn Huệ - TP Tuy Hòa, Phú Yên",330,42,151.7700577200577,10.495220426480817,156.92530135408924,35.73504408650513,2805.1714285714284,low_laplacian_blur_score|low_contrast
train,images/train/thongtin/495_hocba_thongtin_qua_trinh_ho_tap_84a29482-327d-43fb-8ba9-245c31435fee_cell005.jpg,2022 - 2023,105,31,150.20552995391705,13.823570116701987,367.0480683150819,66.88401358184619,4730.925960061444,low_laplacian_blur_score
train,images/train/thongtin/495_hocba_thongtin_qua_trinh_ho_tap_84a29482-327d-43fb-8ba9-245c31435fee_cell006.jpg,10A9,54,33,158.60718294051628,11.140995872626146,292.22755331088666,40.87842289965373,3044.814814814815,low_laplacian_blur_score|low_contrast
train,images/train/thongtin/495_hocba_thongtin_qua_trinh_ho_tap_84a29482-327d-43fb-8ba9-245c31435fee_cell007.jpg,11A9,56,30,155.8113095238095,12.355189412874436,332.02244756235825,51.58904620181406,3757.559523809524,low_laplacian_blur_score
train,images/train/thongtin/495_hocba_thongtin_qua_trinh_ho_tap_84a29482-327d-43fb-8ba9-245c31435fee_cell008.jpg,12A9,54,29,154.92656449553002,11.588477865181078,205.11730800911448,39.79421747902833,3167.670498084291,low_laplacian_blur_score|low_contrast
train,images/train/hoctap/803_hocba_lop11_hoctap_hoten_d8122e48-fdd2-4f02-90ce-71e47e793db6_cell000.jpg,Phạm Khánh Giang,171,32,156.92580409356725,11.572693874179873,623.6306009487962,44.86253449245067,3213.7408625730995,low_contrast
train,images/train/hoctap/254_hocba_lop10_hoctap_lop_e91a71d9-afb0-4f41-9936-b3104d845c33_cell000.jpg,10A2,73,25,160.55890410958904,17.287479320733187,243.41346564083315,84.56378487521111,6942.276164383562,low_laplacian_blur_score
train,images/train/nhanxet/299_hocba_lop12_nhanxet_ketqua_xeploai_db3fca50-6e71-4172-b8d6-2597c66bc774_cell003.jpg,T,33,28,222.87229437229436,8.738315063392438,226.3576055077679,33.372125709788044,2392.253246753247,low_laplacian_blur_score|low_contrast
train,images/train/nhanxet/299_hocba_lop12_nhanxet_ketqua_xeploai_db3fca50-6e71-4172-b8d6-2597c66bc774_cell005.jpg,T,33,27,220.8956228956229,11.040954925503293,386.5365388515407,54.94271559591425,3967.5533108866443,low_contrast
train,images/train/thongtin/599_hocba_thongtin_hoten_me_676824f8-94ba-4c8e-8aea-20bb241e200e_cell000.jpg,LÊ THỊ LÀI,96,35,175.74404761904762,15.914932724230413,283.0918140589569,81.43061003047052,6785.352380952381,low_laplacian_blur_score
train,images/train/nhanxet/164_hocba_lop11_nhanxet_huyen_2e3edbe2-db40-415b-89f5-848ffb2754be_cell000.jpg,TPQuảng Ngãi,119,42,186.6902761104442,14.920078853175928,293.2329227809571,56.83839666318709,4611.399759903961,low_laplacian_blur_score
train,images/train/thongtin/495_hocba_thongtin_nghenghiep_cha_8f9be925-3220-400e-b232-684cc57ad2b5_cell000.jpg,chở nước,82,25,169.08048780487806,10.722525173834278,428.0140214158239,42.7875762046401,3038.6556097560974,low_contrast
train,images/train/nhanxet/514_hocba_lop10_nhanxet_ketqua_xeploai_9f35705f-3fad-477c-9b33-acd038b52418_cell000.jpg,Tốt,44,31,189.41935483870967,9.932917557126412,256.57487895700933,36.32509180347606,2627.2214076246332,low_laplacian_blur_score|low_contrast
train,images/train/nhanxet/514_hocba_lop10_nhanxet_ketqua_xeploai_9f35705f-3fad-477c-9b33-acd038b52418_cell001.jpg,Tốt,44,31,187.4758064516129,10.125394225441473,234.8901884228722,37.57480317076737,2677.435483870968,low_laplacian_blur_score|low_contrast
train,images/train/nhanxet/514_hocba_lop10_nhanxet_ketqua_xeploai_9f35705f-3fad-477c-9b33-acd038b52418_cell005.jpg,Giỏi,44,34,185.4024064171123,11.130958157466692,398.5461605278961,57.131083513254595,3940.8155080213905,low_contrast
train,images/train/nhanxet/530_hocba_lop10_nhanxet_tinh_c332bf67-8d27-4fba-99a6-387d51afda66_cell000.jpg,Trà VInh,91,28,136.37009419152275,13.619723225699564,193.0502330143505,34.118449783004614,2813.8783359497647,low_laplacian_blur_score
train,images/train/nhanxet/495_hocba_lop12_nhanxet_ketqua_xeploai_91b019c0-c6a7-4317-a1fd-412bc0f23d4d_cell002.jpg,T,33,23,160.9512516469038,13.623064043285238,317.95869678048746,66.65609870834136,5493.794466403162,low_laplacian_blur_score
train,images/train/nhanxet/1068_hocba_lop11_nhanxet_nhanxet_giaovien_a43d3339-3aeb-407e-ad75-f794998e243a_cell000.jpg,"Chăm , ngoan, hoc tôt",183,36,200.07999392835458,11.304130671966801,500.8056091709126,54.545073649575,3584.9857316332727,low_contrast
train,images/train/hoctap/703_hocba_lop12_hoctap_hoten_4e5788f7-9a71-4614-b811-1db67002f45c_cell000.jpg,Trần Tiến Đạt,110,29,170.82601880877743,13.40884048948206,332.49725621800104,54.29202002731891,4017.6683385579936,low_laplacian_blur_score
train,images/train/nhanxet/725_hocba_lop10_nhanxet_ngay_thang_nam_c3d70b63-95d2-41b3-879d-5db093b97f5c_cell000.jpg,"Tam Kỳ, ngày 22 tháng 5 năm 2021",289,32,164.1661980968858,10.363263328146617,35.17995605147208,12.178289168573624,1223.3972750865053,low_laplacian_blur_score|low_contrast
train,images/train/nhanxet/1344_hocba_lop12_nhanxet_ketqua_xeploai_2ceadd06-1521-4229-9e83-36fe629fad51_cell000.jpg,T,23,23,169.27410207939508,10.43036638418298,464.7673714716571,47.62329322722546,3546.82797731569,low_contrast
train,images/train/nhanxet/1344_hocba_lop12_nhanxet_ketqua_xeploai_2ceadd06-1521-4229-9e83-36fe629fad51_cell001.jpg,T,29,24,170.9985632183908,11.532126450243,577.7914994550139,57.89509636345621,4133.64367816092,low_contrast
train,images/train/nhanxet/725_hocba_lop10_nhanxet_tinh_1127a4b6-3efb-46fe-bb59-d0293c913783_cell000.jpg,Quảng Nam,121,40,150.09752066115703,10.654859309757692,66.9151915425859,18.833675124649954,1571.104132231405,low_laplacian_blur_score|low_contrast
train,images/train/nhanxet/725_hocba_lop10_nhanxet_huyen_8ee11914-d93c-4d60-9877-4ae0e8018921_cell000.jpg,Tam Kỳ,91,41,151.7451085499866,8.731232094727298,32.43813619488747,10.749597083006684,949.957116054677,low_laplacian_blur_score|low_contrast
train,images/train/nhanxet/495_hocba_lop12_nhanxet_ngay_thang_nam_6d429c92-722e-4f5b-a0b1-44611672bb81_cell000.jpg,"Tuy hòa, ngày 27 tháng 5 năm 2023",334,58,151.53696056163534,13.35242473662351,132.73139068026555,31.537987018586378,2559.0562667767913,low_laplacian_blur_score
train,images/train/thongtin/546_hocba_thongtin_qua_trinh_ho_tap_8e2b1a73-7a15-45b0-8c90-d6b64598c47b_cell004.jpg,2021-2022,82,27,68.14859981933152,19.97765362551262,272.53698358724023,23.427736282782885,1539.037037037037,low_laplacian_blur_score
train,images/train/thongtin/546_hocba_thongtin_qua_trinh_ho_tap_8e2b1a73-7a15-45b0-8c90-d6b64598c47b_cell005.jpg,2020-2021,75,25,70.46293333333334,20.565604604020006,318.4191613155556,33.18260451555555,2297.9904,low_laplacian_blur_score
train,images/train/hoctap/137_hocba_lop12_hoctap_bang_diemtrungbinh_b4388cd3-c5a3-48c6-b6b4-7055c8f1a2f5_cell000.jpg,"8,5",79,37,176.76496749914472,14.522406304360867,320.29035494091767,70.64834199816033,5097.19534724598,low_laplacian_blur_score
train,images/train/hoctap/137_hocba_lop12_hoctap_bang_diemtrungbinh_b4388cd3-c5a3-48c6-b6b4-7055c8f1a2f5_cell002.jpg,"8,7",63,36,177.42857142857142,14.551305398077103,323.23851263184747,51.91186381960192,4272.419753086419,low_laplacian_blur_score
train,images/train/hoctap/137_hocba_lop12_hoctap_bang_diemtrungbinh_b4388cd3-c5a3-48c6-b6b4-7055c8f1a2f5_cell003.jpg,"9,5",83,37,177.92738521654184,14.509597839716275,257.0530406982644,64.65706426257717,4966.466948876588,low_laplacian_blur_score
train,images/train/hoctap/137_hocba_lop12_hoctap_bang_diemtrungbinh_b4388cd3-c5a3-48c6-b6b4-7055c8f1a2f5_cell004.jpg,"9,4",81,35,176.53121693121693,15.632282286636716,334.6070358861423,55.4052569139224,4936.423985890652,low_laplacian_blur_score
train,images/train/hoctap/137_hocba_lop12_hoctap_bang_diemtrungbinh_b4388cd3-c5a3-48c6-b6b4-7055c8f1a2f5_cell005.jpg,"9,4",63,37,177.3968253968254,14.663155314257178,325.702711352647,65.28087933493339,4693.8369798369795,low_laplacian_blur_score
train,images/train/hoctap/137_hocba_lop12_hoctap_bang_diemtrungbinh_b4388cd3-c5a3-48c6-b6b4-7055c8f1a2f5_cell006.jpg,"9,3",82,32,174.7580030487805,15.569735583308313,309.6837016598658,75.32585685952373,5856.34756097561,low_laplacian_blur_score
train,images/train/hoctap/137_hocba_lop12_hoctap_bang_diemtrungbinh_b4388cd3-c5a3-48c6-b6b4-7055c8f1a2f5_cell008.jpg,"9,5",64,31,173.40322580645162,16.860095259956807,346.5981562174818,91.80481122162786,6733.465725806452,low_laplacian_blur_score
train,images/train/hoctap/137_hocba_lop12_hoctap_bang_diemtrungbinh_b4388cd3-c5a3-48c6-b6b4-7055c8f1a2f5_cell012.jpg,"9,1",81,35,173.69417989417988,16.667448171817746,351.7067811340357,76.12870810509847,6401.400352733686,low_laplacian_blur_score
train,images/train/nhanxet/164_hocba_lop11_nhanxet_ketqua_xeploai_a1f744b8-45ae-41d5-953a-9ae254870444_cell003.jpg,Tốt,52,30,181.06858974358974,12.835589068255713,294.564909598948,51.415113412228784,3993.753846153846,low_laplacian_blur_score
train,images/train/nhanxet/450_hocba_lop11_nhanxet_ketqua_xeploai_a645c448-46c4-4439-a216-c589c3a3bd21_cell002.jpg,Giỏi,51,31,167.7628083491461,15.564683200893237,323.39137152483977,68.91383406926256,5751.874762808349,low_laplacian_blur_score
train,images/train/nhanxet/450_hocba_lop11_nhanxet_ketqua_xeploai_a645c448-46c4-4439-a216-c589c3a3bd21_cell003.jpg,Tốt,48,37,163.69819819819818,12.93308824404616,201.52468315021102,44.096412819069066,3395.564189189189,low_laplacian_blur_score
train,images/train/nhanxet/450_hocba_lop11_nhanxet_ketqua_xeploai_a645c448-46c4-4439-a216-c589c3a3bd21_cell004.jpg,Tốt,38,40,160.5453947368421,16.043995182719616,364.5892659279778,80.98233379501386,6733.109210526316,low_laplacian_blur_score
train,images/train/nhanxet/725_hocba_lop10_nhanxet_ketqua_xeploai_d0ed4935-4df1-45bf-a568-0131aa06277b_cell000.jpg,Giỏi,55,30,148.17030303030302,9.966341684632296,33.520936271809,13.469089439853075,1356.0242424242424,low_laplacian_blur_score|low_contrast
train,images/train/nhanxet/725_hocba_lop10_nhanxet_ketqua_xeploai_d0ed4935-4df1-45bf-a568-0131aa06277b_cell001.jpg,Giỏi,52,38,148.3911943319838,9.503318373706769,54.443006103607665,15.18319402670098,1270.3441295546559,low_laplacian_blur_score|low_contrast
train,images/train/nhanxet/725_hocba_lop10_nhanxet_ketqua_xeploai_d0ed4935-4df1-45bf-a568-0131aa06277b_cell002.jpg,Giỏi,54,38,149.359649122807,10.313236894278585,49.27147645619355,15.677210271726533,1474.3557504873295,low_laplacian_blur_score|low_contrast
train,images/train/nhanxet/725_hocba_lop10_nhanxet_ketqua_xeploai_d0ed4935-4df1-45bf-a568-0131aa06277b_cell003.jpg,Tốt,51,39,149.63650075414782,9.643994581907002,57.20752120574674,15.91582714482191,1370.9934640522877,low_laplacian_blur_score|low_contrast
train,images/train/nhanxet/725_hocba_lop10_nhanxet_ketqua_xeploai_d0ed4935-4df1-45bf-a568-0131aa06277b_cell004.jpg,Tốt,53,33,152.38879359634078,8.249664142529953,36.71227763573794,10.86380422889695,908.0526014865637,low_laplacian_blur_score|low_contrast
train,images/train/nhanxet/725_hocba_lop10_nhanxet_ketqua_xeploai_d0ed4935-4df1-45bf-a568-0131aa06277b_cell005.jpg,Tốt,43,30,153.7829457364341,8.968559415497204,25.83943332732408,10.423253410251787,941.1426356589147,low_laplacian_blur_score|low_contrast
train,images/train/nhanxet/660_hocba_lop12_nhanxet_tinh_3f0e8351-75fa-49d1-bd07-8b2dbe77b001_cell000.jpg,ĐắkLắk,87,40,187.96867816091955,16.94475121254485,346.1424927335183,77.2323456698375,6451.732183908046,low_laplacian_blur_score
train,images/train/hoctap/1255_hocba_lop10_hoctap_lop_ffd72d36-f215-4317-bfb1-348e1e388a94_cell000.jpg,10T2,56,26,92.64972527472527,16.82348894089173,319.69688896268565,69.48920533450067,6244.884615384615,low_laplacian_blur_score
train,images/train/nhanxet/1114_hocba_lop11_nhanxet_truong_3b3d68f4-981f-4a80-8347-a11f7b229028_cell000.jpg,THPT Lê Hồng Phong,166,43,152.30848977304566,16.58675920026837,188.1332092233478,43.11637204136583,3766.326982347997,low_laplacian_blur_score
train,images/train/nhanxet/1114_hocba_lop11_nhanxet_nhanxet_giaovien_d7279a30-3f90-4160-b8d9-8824ccc67174_cell000.jpg,Tham gia tốt các phong trào,267,44,160.7010554988083,13.990755578261245,213.3433692710349,40.44995176773763,3127.181137214845,low_laplacian_blur_score
train,images/train/nhanxet/514_hocba_lop10_nhanxet_ngay_thang_nam_544f899d-398a-4738-ba04-83d27ea47bd9_cell000.jpg,"BL, ngày 27 tháng 5 năm 2021",217,30,174.67956989247313,13.866111940168409,367.070202500702,46.5919770127961,3622.667588325653,low_laplacian_blur_score
train,images/train/hoctap/299_hocba_lop11_hoctap_namhoc_f57350c8-61ca-4e06-a52b-872aeb7eb73f_cell000.jpg,2021 - 2022,97,30,219.9061855670103,13.883701892276648,161.512004345721,32.789690249288505,2815.912027491409,low_laplacian_blur_score
train,images/train/hoctap/703_hocba_lop11_hoctap_bang_diemtrungbinh_ec52f775-44bd-4135-a7e5-3f843f5ce405_cell000.jpg,"8,7",51,21,164.44724556489263,12.861859211835435,263.5661706948575,46.46176902133403,3674.4780578898226,low_laplacian_blur_score
train,images/train/hoctap/703_hocba_lop11_hoctap_bang_diemtrungbinh_ec52f775-44bd-4135-a7e5-3f843f5ce405_cell001.jpg,"9,4",54,32,170.4508101851852,13.897896083483415,351.25938250171464,63.151636110575275,5066.699074074074,low_laplacian_blur_score
train,images/train/hoctap/703_hocba_lop11_hoctap_bang_diemtrungbinh_ec52f775-44bd-4135-a7e5-3f843f5ce405_cell010.jpg,"7,6",53,28,170.84838274932613,12.672712107334789,365.87334624130887,49.225540990693176,4184.99191374663,low_laplacian_blur_score
train,images/train/hoctap/703_hocba_lop11_hoctap_bang_diemtrungbinh_ec52f775-44bd-4135-a7e5-3f843f5ce405_cell011.jpg,"8,2",54,18,175.75617283950618,10.914803486416108,253.88370675201952,35.1617131534827,2720.2366255144034,low_laplacian_blur_score|low_contrast
train,images/train/hoctap/703_hocba_lop11_hoctap_bang_diemtrungbinh_ec52f775-44bd-4135-a7e5-3f843f5ce405_cell015.jpg,"8,3",59,27,161.29692404268675,11.47815291346848,471.91267586652054,49.20459291257381,3989.0257376020086,low_contrast
train,images/train/hoctap/703_hocba_lop11_hoctap_bang_diemtrungbinh_ec52f775-44bd-4135-a7e5-3f843f5ce405_cell041.jpg,"8,8",60,40,160.215,10.833187050294418,546.1065826388889,52.39618732638889,3570.5925,low_contrast
train,images/train/hoctap/137_hocba_lop12_hoctap_namhoc_05d129e5-2506-48fa-979c-316ee457626b_cell000.jpg,2022 - 2023,102,28,186.312675070028,17.201880283299705,282.53352909791363,71.17051514233144,5422.268207282913,low_laplacian_blur_score
train,images/train/nhanxet/745_hocba_lop12_nhanxet_nhanxet_giaovien_379ee062-e46c-439b-8e11-c269f8247941_cell000.jpg,"Sẵn sàng nhận nhiệm vụ, trách nhiệm với tập thể",454,49,245.63139440798346,23.692724730748406,2409.5417920996338,213.48916728079647,14383.38865414007,too_bright
train,images/train/hoctap/299_hocba_lop11_hoctap_bang_diemtrungbinh_b7af5af0-bb2f-4d5a-bbec-9d55b41f1853_cell000.jpg,80,68,26,210.9462669683258,14.476144664413157,294.4410229110788,64.7589218074978,5061.828054298642,low_laplacian_blur_score
train,images/train/hoctap/299_hocba_lop11_hoctap_bang_diemtrungbinh_b7af5af0-bb2f-4d5a-bbec-9d55b41f1853_cell001.jpg,90,64,26,210.8064903846154,13.861429822390667,313.859322993713,60.57500317816198,4272.375,low_laplacian_blur_score
train,images/train/hoctap/299_hocba_lop11_hoctap_bang_diemtrungbinh_b7af5af0-bb2f-4d5a-bbec-9d55b41f1853_cell002.jpg,87,43,27,212.43669250645993,12.191961490170446,282.4788574404583,50.58724806572492,3639.6744186046512,low_laplacian_blur_score
train,images/train/hoctap/299_hocba_lop11_hoctap_bang_diemtrungbinh_b7af5af0-bb2f-4d5a-bbec-9d55b41f1853_cell003.jpg,89,68,26,210.92816742081448,13.943037747170775,212.86190905182121,49.76431910433857,3773.777149321267,low_laplacian_blur_score
train,images/train/hoctap/299_hocba_lop11_hoctap_bang_diemtrungbinh_b7af5af0-bb2f-4d5a-bbec-9d55b41f1853_cell004.jpg,87,61,27,211.05707346690954,13.5704470839525,231.13313345196454,37.96644337610027,3077.056466302368,low_laplacian_blur_score
train,images/train/hoctap/299_hocba_lop11_hoctap_bang_diemtrungbinh_b7af5af0-bb2f-4d5a-bbec-9d55b41f1853_cell005.jpg,86,47,26,212.20049099836334,11.517221137828518,234.93074056910805,37.54939649792003,2755.227495908347,low_laplacian_blur_score|low_contrast
train,images/train/hoctap/299_hocba_lop11_hoctap_bang_diemtrungbinh_b7af5af0-bb2f-4d5a-bbec-9d55b41f1853_cell006.jpg,92,71,27,209.6828377673448,14.359080223073418,237.22076231418148,53.512594802183145,4534.814814814815,low_laplacian_blur_score
train,images/train/hoctap/299_hocba_lop11_hoctap_bang_diemtrungbinh_b7af5af0-bb2f-4d5a-bbec-9d55b41f1853_cell007.jpg,83,63,26,209.96642246642247,13.100278991978605,244.7863232954808,45.90585171171252,3738.6715506715504,low_laplacian_blur_score
train,images/train/hoctap/299_hocba_lop11_hoctap_bang_diemtrungbinh_b7af5af0-bb2f-4d5a-bbec-9d55b41f1853_cell008.jpg,86,46,26,210.0309364548495,12.712864976564093,184.21674813480834,35.392055877451035,2963.5334448160534,low_laplacian_blur_score
train,images/train/hoctap/299_hocba_lop11_hoctap_bang_diemtrungbinh_b7af5af0-bb2f-4d5a-bbec-9d55b41f1853_cell010.jpg,81,64,26,208.42247596153845,14.92678444507103,220.7388789611455,51.147511499167905,4361.7223557692305,low_laplacian_blur_score
train,images/train/hoctap/299_hocba_lop11_hoctap_bang_diemtrungbinh_b7af5af0-bb2f-4d5a-bbec-9d55b41f1853_cell011.jpg,81,49,30,208.74489795918367,14.003044779076648,293.2169466426026,46.39310657596372,4021.586394557823,low_laplacian_blur_score
train,images/train/hoctap/299_hocba_lop11_hoctap_bang_diemtrungbinh_b7af5af0-bb2f-4d5a-bbec-9d55b41f1853_cell012.jpg,80,70,26,208.82582417582418,14.369644941657592,279.7641260113513,51.69814756671899,4187.1648351648355,low_laplacian_blur_score
train,images/train/hoctap/299_hocba_lop11_hoctap_bang_diemtrungbinh_b7af5af0-bb2f-4d5a-bbec-9d55b41f1853_cell013.jpg,70,61,30,208.6693989071038,12.477323394552185,165.62615306518558,35.70998984741258,2914.849180327869,low_laplacian_blur_score
train,images/train/hoctap/299_hocba_lop11_hoctap_bang_diemtrungbinh_b7af5af0-bb2f-4d5a-bbec-9d55b41f1853_cell014.jpg,7.6,51,27,209.17574437182282,11.7908876926012,148.6129815007312,35.86197879996562,2783.23311546841,low_laplacian_blur_score
train,images/train/hoctap/299_hocba_lop11_hoctap_bang_diemtrungbinh_b7af5af0-bb2f-4d5a-bbec-9d55b41f1853_cell015.jpg,5.9,69,28,207.5134575569358,14.836804618081135,309.84178931496984,62.411372535781794,4941.669772256729,low_laplacian_blur_score
train,images/train/hoctap/299_hocba_lop11_hoctap_bang_diemtrungbinh_b7af5af0-bb2f-4d5a-bbec-9d55b41f1853_cell016.jpg,5.9,60,28,207.36190476190475,13.59144430429099,255.26257617630387,50.52469919217687,3858.442857142857,low_laplacian_blur_score
train,images/train/hoctap/299_hocba_lop11_hoctap_bang_diemtrungbinh_b7af5af0-bb2f-4d5a-bbec-9d55b41f1853_cell017.jpg,5.9,52,27,205.51709401709402,14.040605281948086,245.5145595409128,57.16638815837535,4607.074074074074,low_laplacian_blur_score
train,images/train/hoctap/299_hocba_lop11_hoctap_bang_diemtrungbinh_b7af5af0-bb2f-4d5a-bbec-9d55b41f1853_cell019.jpg,7.3,64,29,204.51023706896552,15.790925985460165,319.0473089955225,67.94083958828774,5580.4967672413795,low_laplacian_blur_score
train,images/train/hoctap/299_hocba_lop11_hoctap_bang_diemtrungbinh_b7af5af0-bb2f-4d5a-bbec-9d55b41f1853_cell022.jpg,84,65,30,203.66564102564104,16.07906742334489,333.6473480604865,74.34206153846154,5763.8553846153845,low_laplacian_blur_score
train,images/train/hoctap/299_hocba_lop11_hoctap_bang_diemtrungbinh_b7af5af0-bb2f-4d5a-bbec-9d55b41f1853_cell024.jpg,5.8,63,33,208.8124098124098,14.838117000698777,335.84057483143584,61.86829656189925,4753.550745550746,low_laplacian_blur_score
train,images/train/hoctap/299_hocba_lop11_hoctap_bang_diemtrungbinh_b7af5af0-bb2f-4d5a-bbec-9d55b41f1853_cell025.jpg,7.0,67,28,208.409381663113,14.431730227437443,285.21491764449155,63.693280854333274,4770.371002132196,low_laplacian_blur_score
train,images/train/hoctap/299_hocba_lop11_hoctap_bang_diemtrungbinh_b7af5af0-bb2f-4d5a-bbec-9d55b41f1853_cell026.jpg,6.6,53,28,209.1556603773585,12.84442054431253,261.4167376544779,47.938271935687766,3423.991913746631,low_laplacian_blur_score
train,images/train/hoctap/299_hocba_lop11_hoctap_bang_diemtrungbinh_b7af5af0-bb2f-4d5a-bbec-9d55b41f1853_cell027.jpg,75,63,30,206.87248677248678,14.852044010043873,313.9218669690099,65.95513031550068,5207.068783068783,low_laplacian_blur_score
train,images/train/hoctap/299_hocba_lop11_hoctap_bang_diemtrungbinh_b7af5af0-bb2f-4d5a-bbec-9d55b41f1853_cell029.jpg,7.9,55,31,203.20703812316717,15.307367278105547,287.4383811628727,59.87069048253799,5117.363049853372,low_laplacian_blur_score
train,images/train/hoctap/299_hocba_lop11_hoctap_bang_diemtrungbinh_b7af5af0-bb2f-4d5a-bbec-9d55b41f1853_cell030.jpg,8.1,64,29,206.72090517241378,15.332581464093927,275.21652022099806,60.623432100457045,5028.1594827586205,low_laplacian_blur_score
train,images/train/hoctap/299_hocba_lop11_hoctap_bang_diemtrungbinh_b7af5af0-bb2f-4d5a-bbec-9d55b41f1853_cell036.jpg,96,61,30,203.8704918032787,17.49292294929701,367.7163020693362,81.6417976051838,6840.355191256831,low_laplacian_blur_score
train,images/train/hoctap/299_hocba_lop11_hoctap_bang_diemtrungbinh_b7af5af0-bb2f-4d5a-bbec-9d55b41f1853_cell042.jpg,8.0,60,44,203.62121212121212,17.466019087736804,348.54060548668497,75.97483413682278,6045.882575757576,low_laplacian_blur_score
train,images/train/hoctap/299_hocba_lop11_hoctap_bang_diemtrungbinh_b7af5af0-bb2f-4d5a-bbec-9d55b41f1853_cell043.jpg,8.0,62,44,204.25953079178885,15.065938309330338,361.67706192327205,65.39682267524358,4780.760263929619,low_laplacian_blur_score
train,images/train/thongtin/599_hocba_thongtin_qua_trinh_ho_tap_e81ad923-c466-4b1a-8328-89eb6768b196_cell002.jpg,cell,61,31,148.59016393442624,14.36163909327074,284.8002654450749,76.04132072627696,5872.871496562665,low_laplacian_blur_score
train,images/train/thongtin/599_hocba_thongtin_qua_trinh_ho_tap_e81ad923-c466-4b1a-8328-89eb6768b196_cell004.jpg,2020 - 2021,86,28,141.0921926910299,16.763321340599116,356.11094179424066,107.82169881541044,8271.254983388704,low_laplacian_blur_score
train,images/train/thongtin/599_hocba_thongtin_qua_trinh_ho_tap_e81ad923-c466-4b1a-8328-89eb6768b196_cell006.jpg,cell,50,26,140.81,14.615430991829255,270.9727071005917,82.93246094674556,6523.669230769231,low_laplacian_blur_score
train,images/train/thongtin/599_hocba_thongtin_qua_trinh_ho_tap_e81ad923-c466-4b1a-8328-89eb6768b196_cell008.jpg,2021 - 2022,87,27,135.01149425287358,16.22186387122139,350.3767254382679,103.56788655480689,8015.679012345679,low_laplacian_blur_score
train,images/train/hoctap/123_hocba_lop12_hoctap_bang_diemtrungbinh_43f1d7ce-38df-4ba0-84ad-a1d39e8f94ee_cell013.jpg,"9,4",87,31,166.174638487208,11.469078631444408,500.1252254492797,57.65618123874301,4066.8616981831665,low_contrast
train,images/train/hoctap/123_hocba_lop12_hoctap_bang_diemtrungbinh_43f1d7ce-38df-4ba0-84ad-a1d39e8f94ee_cell017.jpg,"8,8",75,33,166.55272727272728,11.48433925472158,492.21641612080396,59.87181716151413,4231.54101010101,low_contrast
train,images/train/hoctap/123_hocba_lop12_hoctap_bang_diemtrungbinh_43f1d7ce-38df-4ba0-84ad-a1d39e8f94ee_cell019.jpg,"9,2",87,31,168.37115313311085,11.131756770278544,542.8007342507893,44.2216489324919,3380.3010752688174,low_contrast
train,images/train/hoctap/123_hocba_lop12_hoctap_bang_diemtrungbinh_43f1d7ce-38df-4ba0-84ad-a1d39e8f94ee_cell020.jpg,"9,4",75,32,168.46708333333333,10.223204805395202,350.15367899305556,47.92857482638889,3230.5308333333332,low_laplacian_blur_score|low_contrast
train,images/train/hoctap/123_hocba_lop12_hoctap_bang_diemtrungbinh_43f1d7ce-38df-4ba0-84ad-a1d39e8f94ee_cell023.jpg,"9,6",76,32,168.95682565789474,11.56241050274892,497.11449434486457,58.88054016620499,4187.5682565789475,low_contrast
train,images/train/hoctap/123_hocba_lop12_hoctap_bang_diemtrungbinh_43f1d7ce-38df-4ba0-84ad-a1d39e8f94ee_cell026.jpg,"8,8",77,35,170.62411873840446,10.491735987807225,391.1484132300247,52.49053197531332,3521.304638218924,low_contrast
train,images/train/hoctap/123_hocba_lop12_hoctap_bang_diemtrungbinh_43f1d7ce-38df-4ba0-84ad-a1d39e8f94ee_cell027.jpg,"10,0",87,33,171.53152211772903,11.611301639222,578.587188014133,57.86050344786338,4257.989550679205,low_contrast
train,images/train/hoctap/123_hocba_lop12_hoctap_bang_diemtrungbinh_43f1d7ce-38df-4ba0-84ad-a1d39e8f94ee_cell029.jpg,"10,0",78,32,170.42748397435898,10.811038596202927,489.34166910646775,49.57531794460881,3538.5136217948716,low_contrast
train,images/train/hoctap/123_hocba_lop12_hoctap_bang_diemtrungbinh_43f1d7ce-38df-4ba0-84ad-a1d39e8f94ee_cell032.jpg,"9,4",79,32,171.16455696202533,11.10054637695859,442.4441093612302,53.1793657867329,3720.8164556962024,low_contrast
train,images/train/hoctap/123_hocba_lop12_hoctap_bang_diemtrungbinh_43f1d7ce-38df-4ba0-84ad-a1d39e8f94ee_cell035.jpg,Đ,80,34,172.71213235294118,11.459481041791927,455.8994290657439,59.671967452422145,3988.730882352941,low_contrast
train,images/train/hoctap/137_hocba_lop12_hoctap_lop_630e3d4b-b479-475b-91a0-02d0740a82f3_cell000.jpg,12B2,51,27,180.5054466230937,14.904932560514926,285.54798961463064,59.1437861031607,4540.733478576616,low_laplacian_blur_score
val,images/val/nhanxet/1114_hocba_lop11_nhanxet_huyen_48eeb82b-7a76-4412-aac4-fc50f93bab0b_cell000.jpg,Châu Thành,105,37,163.74749034749036,15.077263798946884,190.28072290713214,43.39251843128291,3643.2664092664095,low_laplacian_blur_score
val,images/val/nhanxet/343_hocba_lop11_nhanxet_ketqua_xeploai_f69b8292-323c-4be1-8e69-d9cb6b95a288_cell000.jpg,Tốt,57,37,170.69606448553816,9.558637811993776,78.68276152172238,23.03698412794767,1745.5106685633002,low_laplacian_blur_score|low_contrast
val,images/val/nhanxet/343_hocba_lop11_nhanxet_ketqua_xeploai_f69b8292-323c-4be1-8e69-d9cb6b95a288_cell001.jpg,Tốt,45,38,169.35614035087718,11.727413541696329,98.8801138811942,30.026164973838103,2632.990643274854,low_laplacian_blur_score
val,images/val/nhanxet/343_hocba_lop11_nhanxet_ketqua_xeploai_f69b8292-323c-4be1-8e69-d9cb6b95a288_cell002.jpg,Tốt,44,34,171.61764705882354,10.404174852275213,113.95443106751692,29.367399964968975,2234.506684491979,low_laplacian_blur_score|low_contrast
val,images/val/nhanxet/343_hocba_lop11_nhanxet_ketqua_xeploai_f69b8292-323c-4be1-8e69-d9cb6b95a288_cell003.jpg,Giỏi,47,32,167.91356382978722,11.324363072652032,123.55885325302738,33.10627289992644,2683.128989361702,low_laplacian_blur_score|low_contrast
val,images/val/nhanxet/343_hocba_lop11_nhanxet_ketqua_xeploai_f69b8292-323c-4be1-8e69-d9cb6b95a288_cell004.jpg,Giỏi,52,38,168.14777327935224,11.049091097011338,149.57308732113293,38.2129224786507,2946.727732793522,low_laplacian_blur_score|low_contrast
val,images/val/nhanxet/343_hocba_lop11_nhanxet_ketqua_xeploai_f69b8292-323c-4be1-8e69-d9cb6b95a288_cell005.jpg,Giỏi,43,37,167.34443746071653,12.373794013867727,180.6070736516412,44.23119756360515,3630.624764299183,low_laplacian_blur_score
val,images/val/hoctap/703_hocba_lop11_hoctap_ban_16b83749-4b2a-4d31-8caa-adbffa40ba70_cell000.jpg,Cơ bản,60,20,165.23333333333332,12.388928749313056,254.84956597222225,51.24211041666667,3908.5583333333334,low_laplacian_blur_score
val,images/val/hoctap/1462_hocba_lop11_hoctap_ban_c9a2f06f-e8e5-48fd-9031-27c81510d152_cell000.jpg,Cơ bản,75,27,158.98222222222222,14.315378245823183,317.0951906111873,56.46453894223441,4695.763950617284,low_laplacian_blur_score
val,images/val/hoctap/137_hocba_lop12_hoctap_hoten_732f34a1-690d-408d-a196-948e877a70f7_cell000.jpg,Hồ Quốc Hưng,157,37,182.72921328972285,14.752640260206087,303.43820673964433,55.859470945782206,4329.029437080392,low_laplacian_blur_score
val,images/val/nhanxet/137_hocba_lop12_nhanxet_tinh_b2820a48-8675-471e-aaff-ca75b987dfc7_cell000.jpg,Thừa Thiên,124,35,184.12626728110598,13.376804374864705,199.39007384951898,42.454447694790716,3425.985253456221,low_laplacian_blur_score
val,images/val/hoctap/803_hocba_lop11_hoctap_bang_diemtrungbinh_eb0be48d-789d-4ccd-ab2e-b1dac594c96f_cell000.jpg,"8,8",58,33,157.239289446186,7.659226050701222,170.133554767216,17.116611199007696,1349.1086729362592,low_laplacian_blur_score|low_contrast
val,images/val/hoctap/803_hocba_lop11_hoctap_bang_diemtrungbinh_eb0be48d-789d-4ccd-ab2e-b1dac594c96f_cell003.jpg,"8,8",62,30,157.08064516129033,8.221395612688035,204.55519568736273,20.34731067175396,1638.4741935483871,low_laplacian_blur_score|low_contrast
val,images/val/hoctap/803_hocba_lop11_hoctap_bang_diemtrungbinh_eb0be48d-789d-4ccd-ab2e-b1dac594c96f_cell006.jpg,"8,1",44,34,154.47125668449198,9.847526225011787,351.4930648395722,29.8762149153536,2489.9959893048126,low_laplacian_blur_score|low_contrast
val,images/val/hoctap/803_hocba_lop11_hoctap_bang_diemtrungbinh_eb0be48d-789d-4ccd-ab2e-b1dac594c96f_cell007.jpg,"7,4",66,29,157.42163009404388,11.510767856799921,565.695471906395,50.66926316456098,3666.7189132706376,low_contrast
val,images/val/hoctap/803_hocba_lop11_hoctap_bang_diemtrungbinh_eb0be48d-789d-4ccd-ab2e-b1dac594c96f_cell009.jpg,"8,8",49,26,154.37598116169545,10.688940903209176,455.39205865899066,30.602128920642045,2362.918367346939,low_contrast
val,images/val/hoctap/803_hocba_lop11_hoctap_bang_diemtrungbinh_eb0be48d-789d-4ccd-ab2e-b1dac594c96f_cell012.jpg,"10,0",80,29,155.05172413793105,8.353963366205296,251.7877853745541,26.135432335017835,1956.1327586206896,low_laplacian_blur_score|low_contrast
val,images/val/hoctap/803_hocba_lop11_hoctap_bang_diemtrungbinh_eb0be48d-789d-4ccd-ab2e-b1dac594c96f_cell013.jpg,"9,8",75,31,155.35225806451612,11.515832965080698,475.4974679153659,49.17695992600301,3557.995698924731,low_contrast
val,images/val/hoctap/803_hocba_lop11_hoctap_bang_diemtrungbinh_eb0be48d-789d-4ccd-ab2e-b1dac594c96f_cell015.jpg,"6,6",68,34,152.87456747404843,9.336176812661657,271.77557870924676,25.1736552408975,2054.0242214532873,low_laplacian_blur_score|low_contrast
val,images/val/hoctap/803_hocba_lop11_hoctap_bang_diemtrungbinh_eb0be48d-789d-4ccd-ab2e-b1dac594c96f_cell018.jpg,"7,7",53,34,152.08601553829078,10.091745277592786,372.92487444583094,32.11631206416351,2592.3629300776915,low_contrast
val,images/val/hoctap/803_hocba_lop11_hoctap_bang_diemtrungbinh_eb0be48d-789d-4ccd-ab2e-b1dac594c96f_cell021.jpg,"8,3",42,26,151.7051282051282,9.518203654458086,357.5384481208657,29.44107914368903,2202.3186813186812,low_laplacian_blur_score|low_contrast
val,images/val/hoctap/803_hocba_lop11_hoctap_bang_diemtrungbinh_eb0be48d-789d-4ccd-ab2e-b1dac594c96f_cell024.jpg,"7,8",60,31,152.6059139784946,9.400701613779153,329.7327884726558,29.719298184761243,2157.622580645161,low_laplacian_blur_score|low_contrast
val,images/val/hoctap/803_hocba_lop11_hoctap_bang_diemtrungbinh_eb0be48d-789d-4ccd-ab2e-b1dac594c96f_cell025.jpg,"7,6",67,34,155.14135206321333,11.044337268702396,418.52250310447454,43.803563073441346,3176.611062335382,low_contrast
val,images/val/hoctap/803_hocba_lop11_hoctap_bang_diemtrungbinh_eb0be48d-789d-4ccd-ab2e-b1dac594c96f_cell027.jpg,"9,9",74,27,152.56556556556558,8.735431484401564,205.55498266033803,27.52508364220076,2159.3803803803803,low_laplacian_blur_score|low_contrast
val,images/val/hoctap/803_hocba_lop11_hoctap_bang_diemtrungbinh_eb0be48d-789d-4ccd-ab2e-b1dac594c96f_cell030.jpg,"8,4",67,30,150.89353233830846,10.195385160324362,365.17675404074157,33.46085888963144,2524.2935323383085,low_laplacian_blur_score|low_contrast
val,images/val/hoctap/803_hocba_lop11_hoctap_bang_diemtrungbinh_eb0be48d-789d-4ccd-ab2e-b1dac594c96f_cell033.jpg,Đ,59,30,152.1220338983051,8.701179888755204,219.63741613201825,24.000365476076478,1950.0790960451977,low_laplacian_blur_score|low_contrast
val,images/val/hoctap/803_hocba_lop11_hoctap_bang_diemtrungbinh_eb0be48d-789d-4ccd-ab2e-b1dac594c96f_cell034.jpg,Đ,63,24,155.4404761904762,10.123204094994035,330.5886085915847,35.42256612006943,2792.7248677248676,low_laplacian_blur_score|low_contrast
val,images/val/hoctap/803_hocba_lop11_hoctap_bang_diemtrungbinh_eb0be48d-789d-4ccd-ab2e-b1dac594c96f_cell036.jpg,"8,8",53,33,152.38364779874215,9.477835850007223,298.2130264096023,31.799169728940917,2537.1881074899943,low_laplacian_blur_score|low_contrast
val,images/val/hoctap/803_hocba_lop11_hoctap_bang_diemtrungbinh_eb0be48d-789d-4ccd-ab2e-b1dac594c96f_cell037.jpg,"8,2",76,26,155.33198380566802,10.706902561491638,478.6483500385189,31.686720145798162,2444.835020242915,low_contrast
val,images/val/hoctap/803_hocba_lop11_hoctap_bang_diemtrungbinh_eb0be48d-789d-4ccd-ab2e-b1dac594c96f_cell038.jpg,"8,4",68,29,157.76115618661257,11.484545232207319,506.9525597204679,46.147283829598145,3638.362068965517,low_contrast
val,images/val/hoctap/803_hocba_lop11_hoctap_bang_diemtrungbinh_eb0be48d-789d-4ccd-ab2e-b1dac594c96f_cell039.jpg,"8,5",55,23,153.83557312252964,7.496286258907349,207.53967098376793,21.719141995656862,1457.19209486166,low_laplacian_blur_score|low_contrast
val,images/val/hoctap/803_hocba_lop11_hoctap_bang_diemtrungbinh_eb0be48d-789d-4ccd-ab2e-b1dac594c96f_cell040.jpg,"8,2",55,31,153.0909090909091,11.509499049991918,471.6252168454005,39.55576577428815,2863.3982404692083,low_contrast
val,images/val/nhanxet/1114_hocba_lop11_nhanxet_tinh_8f61036a-d075-478a-acda-0a710f83c75e_cell000.jpg,Tây Ninh,82,32,164.28391768292684,17.32261449857944,275.0331270216761,62.33420803744051,5319.629573170731,low_laplacian_blur_score
test,images/test/hoctap/602_hocba_lop11_hoctap_bang_diemtrungbinh_54adaad4-7806-4ce0-b47e-306c47a79e33_cell000.jpg,"9,7",91,26,151.42899408284023,10.154961040314806,172.6533493653755,32.25548682411938,2349.284023668639,low_laplacian_blur_score|low_contrast
test,images/test/hoctap/602_hocba_lop11_hoctap_bang_diemtrungbinh_54adaad4-7806-4ce0-b47e-306c47a79e33_cell001.jpg,"9,6",100,26,156.24153846153845,12.45015158768009,344.99705784023666,53.75376982248522,3828.7946153846156,low_laplacian_blur_score
test,images/test/hoctap/602_hocba_lop11_hoctap_bang_diemtrungbinh_54adaad4-7806-4ce0-b47e-306c47a79e33_cell002.jpg,"9,6",86,26,160.40966010733453,13.770687013170605,339.259771594113,66.59067971332657,4703.75939177102,low_laplacian_blur_score
test,images/test/hoctap/602_hocba_lop11_hoctap_bang_diemtrungbinh_54adaad4-7806-4ce0-b47e-306c47a79e33_cell003.jpg,"9,9",91,34,153.12798965740143,11.1359541640599,222.40602429624823,42.505322456166596,2981.285067873303,low_laplacian_blur_score|low_contrast
test,images/test/hoctap/602_hocba_lop11_hoctap_bang_diemtrungbinh_54adaad4-7806-4ce0-b47e-306c47a79e33_cell004.jpg,"9,4",100,34,156.39117647058825,12.836961057982231,344.4467442906574,60.39514705882353,4112.034705882353,low_laplacian_blur_score
test,images/test/hoctap/602_hocba_lop11_hoctap_bang_diemtrungbinh_54adaad4-7806-4ce0-b47e-306c47a79e33_cell005.jpg,"9,6",86,34,160.28214774281807,13.259436772090124,332.72704817061873,66.29276965852672,4569.086867305062,low_laplacian_blur_score
test,images/test/hoctap/602_hocba_lop11_hoctap_bang_diemtrungbinh_54adaad4-7806-4ce0-b47e-306c47a79e33_cell008.jpg,"9,9",91,35,157.82668759811617,13.868459540724173,328.5364179126547,74.8094230954065,5115.815384615385,low_laplacian_blur_score
test,images/test/hoctap/602_hocba_lop11_hoctap_bang_diemtrungbinh_54adaad4-7806-4ce0-b47e-306c47a79e33_cell044.jpg,"9,1",90,35,156.61238095238096,12.610422964632818,274.059723255228,46.785288485764674,3624.8298412698414,low_laplacian_blur_score
test,images/test/nhanxet/725_hocba_lop10_nhanxet_truong_d53173fe-1355-4b3c-a29f-1589ea1559cf_cell000.jpg,THPT Chuyên,121,35,146.6495867768595,10.699854756066147,34.8162704398746,12.759304887449138,1263.4427390791027,low_laplacian_blur_score|low_contrast
test,images/test/nhanxet/176_hocba_lop11_nhanxet_ngay_thang_nam_e6e5f18d-f1c9-49af-b32b-2bd49c2e3675_cell000.jpg,"Hớn Quản, ngày 25 tháng 05 năm 2022",315,41,147.04769647696477,12.461566525158528,367.1954688454799,46.307667744472376,3239.3320944638017,low_laplacian_blur_score
test,images/test/nhanxet/219_hocba_lop12_nhanxet_loai_chungchi_nghe_50279109-2c89-471f-b3f1-494207a122d2_cell000.jpg,Giỏi,51,29,123.29276538201488,15.863307081274886,332.43942030893635,102.35934134909239,7785.28059499662,low_laplacian_blur_score
test,images/test/nhanxet/137_hocba_lop12_nhanxet_pheduyet_hieutruong_ca46a2cb-172c-42a3-85e9-4456b74ab7ad_cell000.jpg,Đồng ý với GVCN,263,63,160.18812239724787,17.198248360362804,351.365132998218,57.177651047814464,4334.11370631903,low_laplacian_blur_score
test,images/test/nhanxet/176_hocba_lop11_nhanxet_ketqua_xeploai_65cf1095-1c24-4144-82a4-a5a4a7becb59_cell000.jpg,Giỏi,57,39,159.98560503823663,11.200128914519464,290.3327054154528,36.41606409416623,2663.9001349527666,low_laplacian_blur_score|low_contrast
test,images/test/nhanxet/176_hocba_lop11_nhanxet_ketqua_xeploai_65cf1095-1c24-4144-82a4-a5a4a7becb59_cell001.jpg,tốt,54,38,161.03265107212476,11.472927970125326,366.42942819063035,44.1461209336966,3100.342105263158,low_laplacian_blur_score|low_contrast
test,images/test/nhanxet/176_hocba_lop11_nhanxet_ketqua_xeploai_65cf1095-1c24-4144-82a4-a5a4a7becb59_cell002.jpg,Giỏi,47,38,160.2474804031355,10.274088502027238,230.20887354551823,35.52365982025183,2547.3012318029114,low_laplacian_blur_score|low_contrast
test,images/test/nhanxet/176_hocba_lop11_nhanxet_ketqua_xeploai_65cf1095-1c24-4144-82a4-a5a4a7becb59_cell003.jpg,tốt,47,37,161.62219666474985,9.583889563505167,204.9188818833638,31.779135821615604,2291.562967222542,low_laplacian_blur_score|low_contrast
test,images/test/nhanxet/176_hocba_lop11_nhanxet_ketqua_xeploai_65cf1095-1c24-4144-82a4-a5a4a7becb59_cell004.jpg,Giỏi,50,36,155.77666666666667,11.019735326525163,329.08453055555555,46.242333024691355,3425.86,low_laplacian_blur_score|low_contrast
test,images/test/nhanxet/176_hocba_lop11_nhanxet_ketqua_xeploai_65cf1095-1c24-4144-82a4-a5a4a7becb59_cell005.jpg,tốt,37,29,157.4026095060578,12.381782934718322,354.9394187065556,51.74647385760282,3776.1099720410066,low_laplacian_blur_score
test,images/test/hoctap/745_hocba_lop10_hoctap_bang_diemtrungbinh_eae30bb4-9080-4815-8ae9-bfeffca2ff10_cell003.jpg,95,51,24,245.4248366013072,18.208825989820134,1209.954167601136,151.54300629565552,11240.692810457516,too_bright
test,images/test/hoctap/745_hocba_lop10_hoctap_bang_diemtrungbinh_eae30bb4-9080-4815-8ae9-bfeffca2ff10_cell004.jpg,92,50,28,245.52785714285713,18.426163726990964,1250.8898852040816,138.23488520408162,10541.744285714285,too_bright
test,images/test/hoctap/745_hocba_lop10_hoctap_bang_diemtrungbinh_eae30bb4-9080-4815-8ae9-bfeffca2ff10_cell007.jpg,87,56,20,247.45892857142857,18.80995440096351,1060.5035068558675,121.93918925382654,8166.658928571429,too_bright
test,images/test/hoctap/745_hocba_lop10_hoctap_bang_diemtrungbinh_eae30bb4-9080-4815-8ae9-bfeffca2ff10_cell009.jpg,76,63,25,245.1225396825397,21.083708445242287,1615.8559572688337,208.75778321995463,14557.613968253969,too_bright
test,images/test/hoctap/745_hocba_lop10_hoctap_bang_diemtrungbinh_eae30bb4-9080-4815-8ae9-bfeffca2ff10_cell011.jpg,79,46,20,246.2728260869565,19.92405473869774,1696.588599952741,154.3713126181474,10412.428260869565,too_bright
test,images/test/hoctap/745_hocba_lop10_hoctap_bang_diemtrungbinh_eae30bb4-9080-4815-8ae9-bfeffca2ff10_cell036.jpg,94,52,57,249.3859649122807,14.454643755320841,845.2324015036033,82.52682618775737,5800.402159244264,too_bright
test,images/test/hoctap/745_hocba_lop10_hoctap_bang_diemtrungbinh_eae30bb4-9080-4815-8ae9-bfeffca2ff10_cell037.jpg,94,58,54,247.87771392081737,17.4637936388527,1252.515234737534,125.08232613861936,9449.57662835249,too_bright
test,images/test/hoctap/745_hocba_lop10_hoctap_bang_diemtrungbinh_eae30bb4-9080-4815-8ae9-bfeffca2ff10_cell038.jpg,94,46,49,249.00532386867792,17.979258681326915,1543.4609305432753,128.0120666877144,8183.861579414374,too_bright
test,images/test/nhanxet/906_hocba_lop11_nhanxet_bang_diemtrungbinh_9f2dfd58-3997-4438-ac92-eecd12362124_cell002.jpg,0,32,21,176.82886904761904,10.452366440052568,1024.029726473923,57.1780045351474,3405.0178571428573,low_contrast
test,images/test/nhanxet/906_hocba_lop11_nhanxet_bang_diemtrungbinh_9f2dfd58-3997-4438-ac92-eecd12362124_cell003.jpg,T,31,25,181.94967741935483,10.911434512553708,1101.529696566077,49.89786305931322,3544.317419354839,low_contrast
test,images/test/nhanxet/906_hocba_lop11_nhanxet_bang_diemtrungbinh_9f2dfd58-3997-4438-ac92-eecd12362124_cell006.jpg,2,34,24,177.58210784313727,10.742787067999153,1230.860288110342,43.87009203191081,2889.9093137254904,low_contrast
test,images/test/nhanxet/906_hocba_lop11_nhanxet_bang_diemtrungbinh_9f2dfd58-3997-4438-ac92-eecd12362124_cell008.jpg,2,36,24,177.7662037037037,11.605333481540463,1892.9652657214508,51.288580246913575,3248.4166666666665,low_contrast
test,images/test/hoctap/101_hocba_lop10_hoctap_bang_diemtrungbinh_f409bff9-ea5c-4632-8e5f-8bb5c4919dc2_cell038.jpg,8.4,65,33,143.85034965034964,12.17040934044982,310.055262468689,63.72821143114849,4328.154778554778,low_laplacian_blur_score
test,images/test/hoctap/101_hocba_lop10_hoctap_bang_diemtrungbinh_f409bff9-ea5c-4632-8e5f-8bb5c4919dc2_cell048.jpg,9.0,67,46,150.9970798182998,10.418419733021338,316.17719695824405,39.41730826161493,2747.2511356262166,low_laplacian_blur_score|low_contrast
test,images/test/hoctap/254_hocba_lop10_hoctap_namhoc_b45e09bb-87be-45b9-854c-545998071850_cell000.jpg,2020 - 2021,97,24,165.04896907216494,20.778288975553803,326.4053608173616,111.42468794652872,9408.167525773197,low_laplacian_blur_score
test,images/test/hoctap/299_hocba_lop11_hoctap_lop_8faeb2ea-e5be-4ffa-b3d8-eb84603e9a94_cell000.jpg,11A8,51,26,216.88009049773757,11.328095266853879,170.478434557487,24.334614133389753,2046.9155354449472,low_laplacian_blur_score|low_contrast
test,images/test/nhanxet/495_hocba_lop12_nhanxet_tinh_e69a8dd9-4506-41b6-b6d2-42684dd981fb_cell000.jpg,Thú Yen,93,35,164.69493087557603,9.073688203919613,135.88292203180265,21.160967152035983,1624.004915514593,low_laplacian_blur_score|low_contrast
test,images/test/nhanxet/495_hocba_lop12_nhanxet_nhanxet_giaovien_a4250368-93b2-4f7e-b3d4-0a02f8a3a754_cell000.jpg,"- Học giỏi, Ngoan, luôn giúp đỡ bạn bè trong lớp",644,67,162.54447483081486,10.605943615446723,122.82226049788478,27.048761056361524,2163.54644479466,low_laplacian_blur_score|low_contrast
test,images/test/nhanxet/176_hocba_lop11_nhanxet_nhanxet_giaovien_b2501fbd-0d80-430d-b343-45ed49624cb6_cell000.jpg,"Ngoan, học giỏi, tích cực trong các phong trào",499,55,154.90347968664602,10.53211922408469,204.7911047122815,30.16935242949836,2223.347786482055,low_laplacian_blur_score|low_contrast
test,images/test/thongtin/799_hocba_thongtin_nghenghiep_me_f8eb8c1b-1127-4c5a-9bd7-b1441315ca42_cell000.jpg,Nội trợ,81,29,195.8697318007663,12.665324556360062,354.2798292290715,56.40181768063037,4312.509152830992,low_laplacian_blur_score
test,images/test/thongtin/599_hocba_thongtin_hoten_a3c77fd9-daa4-4e18-b97c-3c72fe5d2cbf_cell000.jpg,TRẦN QUỐC BẢO,152,33,184.26674641148324,18.094378071746938,270.785692442875,88.53555667319125,7507.708133971292,low_laplacian_blur_score
test,images/test/nhanxet/725_hocba_lop10_nhanxet_nhanxet_giaovien_929c1f01-428f-4161-ae87-031420a350a1_cell000.jpg,"- Chăm ngoan, học giỏi",284,48,158.11700410798122,8.448764991073919,14.81263431528136,6.643263902449567,634.9925176056338,low_laplacian_blur_score|low_contrast
test,images/test/hoctap/299_hocba_lop11_hoctap_hoten_ccdb9d0d-7c6c-49b1-8294-260f37a4bfe5_cell000.jpg,Lê Minh Vũ,140,26,215.878021978022,10.272173039068798,182.037377656684,27.77211319587006,2109.825824175824,low_laplacian_blur_score|low_contrast
